DJWG48,1,"['ZZ20240506AMDHYD2223', 'PC']"
SFDU26,1,"['ZZ20240506AMDHYD2223', 'PC']"
QKVR16,1,"['ZZ20240506AMDHYD2223', 'PC']"
QVWF37,1,"['ZZ20240506AMDHYD2223', 'PC']"
QEWH24,1,"['ZZ20240506AMDHYD2223', 'PC']"
MLIF89,1,"['ZZ20240506AMDHYD2223', 'PC']"
OMAZ43,1,"['ZZ20240506AMDHYD2223', 'PC']"
LSHJ62,1,"['ZZ20240506AMDHYD2223', 'PC']"
MTSE37,1,"['ZZ20240506AMDHYD2223', 'PC']"
MZGK86,1,"['ZZ20240506AMDHYD2223', 'PC']"
JSND24,1,"['ZZ20240506AMDHYD2223', 'PC']"
CLJV31,1,"['ZZ20240506AMDHYD2223', 'PC']"
PDRR44,1,"['ZZ20240506AMDHYD2223', 'PC']"
LOBZ81,1,"['ZZ20240506AMDHYD2223', 'PC']"
GJFY51,1,"['ZZ20240506AMDHYD2223', 'PC']"
EJFI16,1,"['ZZ20240506AMDHYD2223', 'PC']"
XSMW19,1,"['ZZ20240506AMDHYD2223', 'PC']"
QHBU69,1,"['ZZ20240506AMDHYD2223', 'PC']"
METW43,1,"['ZZ20240506AMDHYD2223', 'PC']"
MPZM21,1,"['ZZ20240506AMDHYD2223', 'PC']"
ARQD42,1,"['ZZ20240506AMDHYD2223', 'PC']"
PZTV81,1,"['ZZ20240506AMDHYD2223', 'PC']"
